{"cameraMode":{"drawMode":0,"name":"Shaded","section":"Shading Mode"},"sceneLighting":true,"audioPlay":false,"sceneViewState":{"m_AlwaysRefresh":false,"showFog":true,"showSkybox":true,"showFlares":true,"showImageEffects":true,"showParticleSystems":true,"showVisualEffectGraphs":true,"m_FxEnabled":true},"in2DMode":false,"pivot":{"x":2.2023777961730959,"y":22.479476928710939,"z":2.001286029815674},"rotation":{"x":0.04379486292600632,"y":-0.005999153479933739,"z":0.0002628873917274177,"w":0.9990230202674866},"size":39.9349250793457,"orthographic":false}